"Title","WorkoutType","WorkoutDescription","PlannedDuration","PlannedDistanceInMeters","WorkoutDay","CoachComments","DistanceInMeters","PowerAverage","PowerMax","Energy","AthleteComments","TimeTotalInHours","VelocityAverage","VelocityMax","CadenceAverage","CadenceMax","HeartRateAverage","HeartRateMax","TorqueAverage","TorqueMax","IF","TSS","HRZone1Minutes","HRZone2Minutes","HRZone3Minutes","HRZone4Minutes","HRZone5Minutes","HRZone6Minutes","HRZone7Minutes","HRZone8Minutes","HRZone9Minutes","HRZone10Minutes","PWRZone1Minutes","PWRZone2Minutes","PWRZone3Minutes","PWRZone4Minutes","PWRZone5Minutes","PWRZone6Minutes","PWRZone7Minutes","PWRZone8Minutes","PWRZone9Minutes","PWRZone10Minutes","Rpe","Feeling"
"Lap Swimming","Swim","","0.75","2000","2022-12-05","","1600","","","","","0.599482223192851","0.736309249884952","","20","","132","162","","","0.911898043873782","45.46","30","1","1","0","0","","","","","","","","","","","","","","","","",""
"Zwift - 5K Loop in Watopia","Run","","1","","2022-12-05","","1613.97998046875","0","0","","","0.168888881802559","2.65400004386902","","0","","128","134","","","0.676830314390121","8.36","10","0","0","0","0","","","","","","","","","","","","","","","","",""
"Zwift - 1 hour ride in Watopia","Bike","","","","2022-12-05","","25447.259765625","167","303","504.775","","0.83777779340744","8.4370002746582","","77","","127","137","","","0.659430011488264","36.05","0","50","0","0","0","","","","","","49","1","0","0","0","","","","","","",""
"Bike Aerobic Speed","Bike","","1","","2022-12-06","","31330.83984375","176","326","637.743","","1.00333333015442","8.67399978637695","","78","","134","151","","","0.698681086762984","48.54","0","53","7","0","0","","","","","","41","18","1","0","0","","","","","","",""
"Base Phase 1: Strength and Conditioning #1","Strength","Please check the link below for full exercise instructions, progressions, alternatives and videos: https://www.myprocoach.net/wp-content/uploads/SC-Triathlon.pdf Whole Body Strength: 1. Squat: 3 x 12 (Exercise 1) 2. Single Leg Squat: 3 x 8 (Exercise 3) 3. Bulgarian Squat: 3 x 10 (Exercise 4) 4. Bench Press: 3 x 10 (Exercise 14) 5. Tricep Kickback: 3 x 10 (Exercise 16) 6. Bent Over Row: 3 x 10 (Exercise 12) 7. Mountain Climber: 3 x 8 (Exercise 24) 8. Reverse Crunch: 3 x 12 (Exercise 28) 9. Plank: 3 reps (Exercise 21) Flexibility: 5-10 minutes Notes: 1. 3 x 12 = 3 sets of 12 repetitions with a rest between sets. 2. Rests are 30-50 secs. 3. When an exercise alternates right and left, the right PLUS left movement is 1 rep. 4. For unilateral exercises, perform reps on the right, then repeat on the left. Then move to next set. 5. Breathe out on exertion and maintain form throughout. 6. For flexibility see the link below or choose stretches that work well for you.","0.416666666666667","","2022-12-06","Base Phase: Here your strength workouts are designed to build a foundation that can be used for power development. The goal is to translate strength training into sport-specific activity. Resistance during the Base Phase: Progress the intensity during this phase by gradually adding resistance. Maintain correct form throughout. Sets should feel challenging but not 'all out'. Perform strength and conditioning once or twice each week. Avoid the ‘no pain, no gain’ thinking. Strength will compliment your training making you more powerful, less prone to injury and help you focus on range of movement required for all three disciplines. It should not inhibit your subsequent workouts.","","","","","","","","","","","","","","","","","","","","","","","","","","","","","","","","","","","","","",""
"Lap Swimming","Swim","","0.75","2000","2022-12-07","","1575","","","","","0.584860000610352","0.742224316682375","","20","","132","164","","","0.920091986865952","45.56","22","8","4","0","0","","","","","","","","","","","","","","","","",""
"Zwift - 1 hour ride in Watopia","Bike","","1","","2022-12-08","","31139.390625","174","296","633.336","","1.00584137439728","8.59899997711182","","77","","135","156","","","0.693645069287323","48.04","1","40","19","0","0","","","","","","42","16","1","0","1","","","","","","",""
"Zwift - 5K Loop in Watopia","Run","","1","","2022-12-08","","1656.38000488281","0","0","","","0.168888881802559","2.72399997711182","","0","","137","144","","","0.695733119983088","8.82","10","0","0","0","0","","","","","","","","","","","","","","","","",""
"Lap Swimming","Swim","","0.75","2000","2022-12-09","","1800","","","","","0.659919723934597","0.752508361204013","","21","","136","181","","","0.931931533025297","53.41","29","2","6","1","0","","","","","","","","","","","","","","","","",""
"Aerobic Ride","Bike","","2","","2022-12-10","","58782.23828125","168","391","1329.177","","2.18595361709595","7.4689998626709","","74","","132","161","","","0.693412871184333","96.18","5","90","37","0","0","","","","","","93","34","2","1","1","","","","","","",""
"Base Phase 1: Strength and Conditioning #2","Strength","Please check the link below for full exercise instructions, progressions, alternatives and videos: https://www.myprocoach.net/wp-content/uploads/SC-Triathlon.pdf Whole Body Strength: 1. Squat: 3 x 14 (Exercise 1) 2. Alternate Lunge: 3 x 9 (Exercise 5) 3. Step Up: 3 x 8 (Exercise 7) 4. Push Up: 3 x 12 (Exercise 13) 5. Lat & Front Raise Combo: 3 x 7 (Exercise 11) 6. Dumbbell Pullover: 3 x 10 (Exercise 15) 7. Glute Bridge: 3 x 14 (Exercise 18) 8. Side Plank: 3 reps (Exercise 23) 9. Sit-Up: 3 x 10 (Exercise 27) Flexibility: 5-10 minutes Notes: 1. 3 x 12 = 3 sets of 12 repetitions with a rest between sets. 2. Rests are 30-50 secs. 3. When an exercise alternates right and left, the right PLUS left movement is 1 rep. 4. For unilateral exercises, perform reps on the right, then repeat on the left. Then move to next set. 5. Breathe out on exertion and maintain form throughout. 6. For flexibility see the link below or choose stretches that work well for you.","0.416666666666667","","2022-12-10","Base Phase: Here your strength workouts are designed to build a foundation that can be used for power development. The goal is to translate strength training into sport-specific activity. Resistance during the Base Phase: Progress the intensity during this phase by gradually adding resistance. Maintain correct form throughout. Sets should feel challenging but not 'all out'. Perform strength and conditioning once or twice each week. Avoid the ‘no pain, no gain’ thinking. Strength will compliment your training making you more powerful, less prone to injury and help you focus on range of movement required for all three disciplines. It should not inhibit your subsequent workouts.","","","","","","","","","","","","","","","","","","","","","","","","","","","","","","","","","","","","","",""
"","Run","","0.5","","2022-12-10","","","","","","","","","","","","","","","","","","","","","","","","","","","","","","","","","","","","","","",""
"Zwift - Aerobic Endurance Ride in Watopia","Bike","","1.5","","2022-12-11","","42686.5390625","167","343","904.466","","1.50388884544373","7.88399982452393","","79","","131","142","","","0.656932498656389","64.74","0","90","0","0","0","","","","","","85","3","1","0","1","","","","","","",""
"Zwift - 5K Loop in Watopia","Run","","0.5","","2022-12-11","","2480.07006835938","0","0","","","0.256705284118652","2.68300008773804","","71","","136","145","","","0.552866165085562","10.88","16","0","0","0","0","","","","","","","","","","","","","","","","",""
"Lap Swimming","Swim","","0.75","2000","2022-12-12","","1550","","","","","0.601342778205872","0.711988975654571","","20","","114","133","","","0.880667985925373","41.07","25","0","0","0","0","","","","","","","","","","","","","","","","",""
"Zwift - 5K Loop in Watopia","Run","","1","","2022-12-12","","2494.42993164063","0","0","","","0.252222210168839","2.74699997901917","","0","","133","140","","","0.705714670540329","13.61","15","0","0","0","0","","","","","","","","","","","","","","","","",""
"Zwift - 1 hour ride in Watopia","Bike","","","","2022-12-12","","30717.8203125","167","349","604.442","","1.00388884544373","8.49899959564209","","78","","127","138","","","0.656997592676799","43.15","1","60","0","0","0","","","","","","58","1","0","0","0","","","","","","",""
"Speed Workout Bike","Bike","Warm Up: 10 mins easy Z2, 5 x (5 secs in Z5 + 55 secs in Z2). Main Set: 20 x (40 secs in Z2 + 20 secs in Z5), 2 mins recovery in low Z2, 15 x (40 secs in Z2 + 20 secs in Z5). Warm Down: 5 mins in Z2.","0.95","","2022-12-13","","30381.880859375","179","301","616.104","","0.953611135482788","8.84899997711182","","80","","135","145","","","0.714561067518091","48.22","0","57","0","0","0","","","","","","40","5","5","5","2","","","","","","",""
"Base Phase 1: Strength and Conditioning #1","Strength","Please check the link below for full exercise instructions, progressions, alternatives and videos: https://www.myprocoach.net/wp-content/uploads/SC-Triathlon.pdf Whole Body Strength: 1. Squat: 3 x 12 (Exercise 1) 2. Single Leg Squat: 3 x 8 (Exercise 3) 3. Bulgarian Squat: 3 x 10 (Exercise 4) 4. Bench Press: 3 x 10 (Exercise 14) 5. Tricep Kickback: 3 x 10 (Exercise 16) 6. Bent Over Row: 3 x 10 (Exercise 12) 7. Mountain Climber: 3 x 8 (Exercise 24) 8. Reverse Crunch: 3 x 12 (Exercise 28) 9. Plank: 3 reps (Exercise 21) Flexibility: 5-10 minutes Notes: 1. 3 x 12 = 3 sets of 12 repetitions with a rest between sets. 2. Rests are 30-50 secs. 3. When an exercise alternates right and left, the right PLUS left movement is 1 rep. 4. For unilateral exercises, perform reps on the right, then repeat on the left. Then move to next set. 5. Breathe out on exertion and maintain form throughout. 6. For flexibility see the link below or choose stretches that work well for you.","0.416666666666667","","2022-12-13","Base Phase: Here your strength workouts are designed to build a foundation that can be used for power development. The goal is to translate strength training into sport-specific activity. Resistance during the Base Phase: Progress the intensity during this phase by gradually adding resistance. Maintain correct form throughout. Sets should feel challenging but not 'all out'. Perform strength and conditioning once or twice each week. Avoid the ‘no pain, no gain’ thinking. Strength will compliment your training making you more powerful, less prone to injury and help you focus on range of movement required for all three disciplines. It should not inhibit your subsequent workouts.","","","","","","","","","","","","","","","","","","","","","","","","","","","","","","","","","","","","","",""
"Lap Swimming","Swim","","0.75","2000","2022-12-14","","1650","","","","","0.6185369459788","0.736936132201876","","20","","116","139","","","0.911424941816364","46.83","30","0","0","0","0","","","","","","","","","","","","","","","","",""
"Zwift - 1 hour ride in Watopia","Bike","","1","","2022-12-15","","31051.369140625","160","315","657.994"," *12/16/2022 Tomasz MIgdal: 15min 170w 1.1 15min 190w 1.6 15min 190w 1.8*","1.13948106765747","7.56899976730347","","69","","128","146","","","0.697781360052751","48.64","5","62","0","0","0","","","","","","47","20","0","0","1","","","","","","",""
"Zwift - 5K Loop in Watopia","Run","","1","","2022-12-15","","2488.7900390625","0","0",""," *12/16/2022 Tomasz MIgdal: Lactate 1.2*","0.252222210168839","2.74000000953674","","0","","133","142","","","0.596392083093318","11.52","15","0","0","0","0","","","","","","","","","","","","","","","","",""
"Lap Swimming","Swim","","0.75","2000","2022-12-16","","1600","","","","","0.568493888113234","0.776322173702086","","21","","121","143","","","0.961605178344117","22","32","0","0","0","0","","","","","","","","","","","","","","","","",""
"Zwift - Aerobic Bike in Watopia","Bike","","2.5","","2022-12-17","","57524.71875","162","342","1184.679","","2.03039383888245","7.86899995803833","","77","","129","150","","","0.651380377754484","84.65","3","118","1","0","0","","","","","","115","3","1","1","1","","","","","","",""
"Base Phase 1: Strength and Conditioning #2","Strength","Please check the link below for full exercise instructions, progressions, alternatives and videos: https://www.myprocoach.net/wp-content/uploads/SC-Triathlon.pdf Whole Body Strength: 1. Squat: 3 x 14 (Exercise 1) 2. Alternate Lunge: 3 x 9 (Exercise 5) 3. Step Up: 3 x 8 (Exercise 7) 4. Push Up: 3 x 12 (Exercise 13) 5. Lat & Front Raise Combo: 3 x 7 (Exercise 11) 6. Dumbbell Pullover: 3 x 10 (Exercise 15) 7. Glute Bridge: 3 x 14 (Exercise 18) 8. Side Plank: 3 reps (Exercise 23) 9. Sit-Up: 3 x 10 (Exercise 27) Flexibility: 5-10 minutes Notes: 1. 3 x 12 = 3 sets of 12 repetitions with a rest between sets. 2. Rests are 30-50 secs. 3. When an exercise alternates right and left, the right PLUS left movement is 1 rep. 4. For unilateral exercises, perform reps on the right, then repeat on the left. Then move to next set. 5. Breathe out on exertion and maintain form throughout. 6. For flexibility see the link below or choose stretches that work well for you.","0.416666666666667","","2022-12-17","Base Phase: Here your strength workouts are designed to build a foundation that can be used for power development. The goal is to translate strength training into sport-specific activity. Resistance during the Base Phase: Progress the intensity during this phase by gradually adding resistance. Maintain correct form throughout. Sets should feel challenging but not 'all out'. Perform strength and conditioning once or twice each week. Avoid the ‘no pain, no gain’ thinking. Strength will compliment your training making you more powerful, less prone to injury and help you focus on range of movement required for all three disciplines. It should not inhibit your subsequent workouts.","","","","","","","","","","","","","","","","","","","","","","","","","","","","","","","","","","","","","",""
"","Run","","0.5","","2022-12-17","","","","","","","","","","","","","","","","","","","","","","","","","","","","","","","","","","","","","","",""
"Zwift - Aerobic Bike in Watopia","Bike","","1.5","","2022-12-18","","59231.55859375","162","334","1275.199","","2.17780900001526","7.55399990081787","","74","","117","147","","","0.691101010836754","95.74","3","125","2","0","0","","","","","","99","31","1","1","1","","","","","","",""
"Running","Run","","0.5","","2022-12-18","","4005.3701171875","266","356","408.891","","0.425965547561646","2.61199998855591","","170","","149","163","","","0.674257861706485","19.01","6","13","7","0","0","","","","","","0","0","0","0","25","","","","","","",""
"Lap Swimming","Swim","","0.75","2000","2022-12-19","","1600","","","","","0.533038057751126","0.827300930713547","","21","","115","139","","","0.60475613917122","21.43","23","0","0","0","0","","","","","","","","","","","","","","","","",""
"Zwift - 1 hour ride in Watopia","Bike","","1","","2022-12-19","","28538.05078125","161","320","601.753","","1.03472220897675","7.66099977493286","","75","","122","137","","","0.651675892811694","43.55","3","58","0","0","0","","","","","","62","2","1","0","1","","","","","","",""
"Bike Aerobic Speed","Bike","","1","","2022-12-20","","31091.939453125","173","396","634.093","","1.01388382911682","8.51799964904785","","77","","128","140","","","0.692817199906662","47.93","2","59","0","0","0","","","","","","44","16","0","0","1","","","","","","",""
"Zwift - 5K Loop in Watopia","Run","","0.25","","2022-12-20","","3320.10009765625","0","0","","","0.335555553436279","2.74799990653992","","4","","130","147","","","0.706982821777744","18.28","19","0","0","0","0","","","","","","","","","","","","","","","","",""
"Lap Swimming","Swim","","0.75","2000","2022-12-21","","1575","","","","","0.527414445347256","0.824607329842932","","20","","120","149","","","1.02030766268772","22","23","0","0","0","0","","","","","","","","","","","","","","","","",""
"Zwift - 1 hour ride in Watopia","Bike","","1","","2022-12-22","","30673.75","166","326","603.015","","1.00361108779907","8.48900032043457","","78","","124","139","","","0.655614889773226","42.75","1","59","0","0","0","","","","","","58","1","0","0","0","","","","","","",""
"","Run","","0.333333333333333","","2022-12-22","","","","","","","","","","","","","","","","","","","","","","","","","","","","","","","","","","","","","","",""
"Lap Swimming","Swim","","0.75","2000","2022-12-23","","1650","","","","","0.571207779248555","0.797101449275362","","19","","110","131","","","0.986943841594093","54.91","16","0","0","0","0","","","","","","","","","","","","","","","","",""
"Zwift - Aerobic Ride in Watopia","Bike","","2.5","","2022-12-24","","70776.1328125","154","342","1515.881","","2.71825122833252","7.23199987411499","","75","","133","151","","","0.643436372110289","104.21","5","155","4","0","0","","","","","","159","3","1","1","1","","","","","","",""
"","Bike","","2","","2022-12-25","","","","","","","","","","","","","","","","","","","","","","","","","","","","","","","","","","","","","","",""
"Running","Run","","0.5","","2022-12-25","","4372.02001953125","268","342","448.948","","0.465406388044357","2.60899996757507","","170","","144","162","","","0.678157287522483","21.01","16","9","3","0","0","","","","","","23","0","0","0","0","","","","","","",""
"Lap Swimming","Swim","","0.75","2000","2022-12-26","","1750","","","","","0.612713613510132","0.786870503597122","","20","","109","134","","","0.600609646173697","24.39","16","0","0","0","0","","","","","","","","","","","","","","","","",""
"Zwift - 1 hour ride in Watopia","Bike","","1","","2022-12-26","","31238.55078125","176","345","639.899","","1.00524437427521","8.63199996948242","","78","","133","147","","","0.700110315963454","49.01","1","59","1","0","0","","","","","","39","20","0","0","0","","","","","","",""
"Bike Aerobic Speed","Bike","","1","","2022-12-27","","42689.3515625","166","398","901.106","","1.50416672229767","7.88299989700317","","79","","136","158","","","0.653909661617627","64.07","1","87","3","0","0","","","","","","88","2","0","0","0","","","","","","",""
"Running","Run","","0.25","","2022-12-27","","5218.4501953125","280","335","520.868","","0.516854166984558","2.8050000667572","","173","","152","163","","","0.70250833190535","25.11","1","14","16","0","0","","","","","","29","1","0","0","0","","","","","","",""
"Lap Swimming","Swim","","0.75","2000","2022-12-28","","1550","","","","","0.531411111089918","0.803941908713693","","20","","116","137","","","0.605460792799731","21.41","25","0","0","0","0","","","","","","","","","","","","","","","","",""
"Zwift - 1 hour ride in Watopia","Bike","","1","","2022-12-29","","30681.880859375","167","333","606.089","","1.00396800041199","8.48900032043457","","77","","132","146","","","0.660076070222651","43.31","0","60","0","0","0","","","","","","58","1","0","0","0","","","","","","",""
"Running","Run","","0.5","","2022-12-29","","4849.06005859375","270","337","497.49","","0.510856091976166","2.63700008392334","","174","","148","161","","","0.678374228457072","23.12","12","10","10","0","0","","","","","","24","0","0","0","0","","","","","","",""
"Lap Swimming","Swim","","0.75","2000","2022-12-30","","1850","","","","","0.625043889019224","0.816777041942605","","20","","111","125","","","0.836326654154087","36.56","23","0","0","0","0","","","","","","","","","","","","","","","","",""
"Zwift - Aerobic Ride in Watopia","Bike","","2.5","","2022-12-31","","68442.59375","156","348","1448.003","","2.568035364151","7.40299987792969","","74","","129","145","","","0.622565145231344","97.37","2","152","0","0","0","","","","","","149","3","1","0","0","","","","","","",""
"","Run","","0.5","","2022-12-31","","","","","","","","","","","","","","","","","","","","","","","","","","","","","","","","","","","","","","",""
"Zwift - Aerobic Bike in Watopia","Bike","","2","","2023-01-01","","59198.421875","173","278","1249.506","","2.00530982017517","8.19999980926514","","78","","132","148","","","0.684876888755552","93.87","1","117","2","0","0","","","","","","89","29","1","1","0","","","","","","",""
"Aerobic Bike","Bike","","1","","2023-01-02","","30705.609375","166","322","603.075","","1.00361108779907","8.4980001449585","","78","","125","139","","","0.655840932448021","42.76","0","60","0","0","0","","","","","","59","1","0","0","0","","","","","","",""
"Running","Run","","0.5","","2023-01-02","","5008.9501953125","267","321","514.248","","0.534569144248962","2.6029999256134","","172","","147","157","","","0.67079145495942","23.68","16","12","4","0","0","","","","","","25","0","0","0","0","","","","","","",""
"Lap Swimming","Swim","","0.75","2000","2023-01-02","","1800","","","","","0.777713888888889","0.642909953317594","","","","119","141","","","0.602961353094934","31.14","38","0","0","0","0","","","","","","","","","","","","","","","","",""
"Bike Aerobic Speed","Bike","","1.25","","2023-01-03","","37837.91015625","173","309","785.845","","1.25638890266418","8.36499977111816","","76","","130","142","","","0.687679806330863","58.91","0","75","0","0","0","","","","","","54","20","1","0","0","","","","","","",""
"Lap Swimming","Swim","","0.75","2000","2023-01-04","","2000","","","","","0.648601112895542","0.852878464818763","","21","","115","131","","","0.603098201518755","25.97","30","0","0","0","0","","","","","","","","","","","","","","","","",""
"Running","Run","","0.5","","2023-01-05","","5009.64990234375","267","385","511.768","","0.530974149703979","2.62100005149841","","170","","143","155","","","0.677636638446821","24.01","20","11","1","0","0","","","","","","26","0","0","0","0","","","","","","",""
"Aerobic Bike","Bike","","1","","2023-01-05","","30646.859375","166","343","599.765","","1.00361108779907","8.48200035095215","","77","","123","136","","","0.652301124194399","42.27","2","58","0","0","0","","","","","","58","1","0","0","0","","","","","","",""
"Lap Swimming","Swim","","0.75","2000","2023-01-06","","2000","","","","","0.643300557136536","0.859475719810915","","21","","115","128","","","0.878477800997783","43.61","29","0","0","0","0","","","","","","","","","","","","","","","","",""
"Running","Run","","0.5","","2023-01-07","","5007.330078125","260","349","515.58","","0.551116108894348","2.5239999294281","","169","","145","172","","","0.658912007502642","23.62","17","14","1","0","0","","","","","","20","0","0","0","0","","","","","","",""
"Aerobic Bike","Bike","","2.5","","2023-01-07","","70260.140625","163","334","1494.638","","2.54326462745667","7.6729998588562","","76","","115","145","","","0.646733069831985","104.65","3","150","0","0","0","","","","","","143","6","2","1","2","","","","","","",""
"Aerobic Bike with Intervals","Bike","","2","","2023-01-08","","59188.19140625","172","352","1243.814","","2.0069375038147","8.19200038909912","","80","","129","147","","","0.681075576273593","92.9","1","119","1","0","0","","","","","","96","22","1","0","1","","","","","","",""
"Lap Swimming","Swim","","0.75","2000","2023-01-09","","2000","","","","","0.671104168626997","0.822706705059646","","20","","111","123","","","0.602875678478841","26.92","24","0","0","0","0","","","","","","","","","","","","","","","","",""
"Aerobic Bike","Bike","","1","","2023-01-09","","30676.75","166","329","601.869","","1.00361108779907","8.48999977111816","","76","","121","132","","","0.655396711537881","42.79","10","50","0","0","0","","","","","","58","1","0","0","0","","","","","","",""
"Running","Run","","0.5","","2023-01-09","","5010.009765625","268","358","509.45","","0.526679694652557","2.64199995994568","","171","","140","152","","","0.675845074479381","23.66","25","6","0","0","0","","","","","","26","0","0","0","0","","","","","","",""
"Bike Aerobic Speed","Bike","","1.25","","2023-01-10","","35657.83984375","167","305","795.054","","1.31663405895233","7.52199983596802","","74","","127","141","","","0.687461681652643","58.82","3","76","0","0","0","","","","","","56","21","1","0","1","","","","","","",""
"Lap Swimming","Swim","","0.75","2000","2023-01-11","","2275","","","","","0.741924447483487","0.846984363365599","","21","","115","130","","","0.602150147088504","29.75","33","0","0","0","0","","","","","","","","","","","","","","","","",""
"Zwift - 5K Loop in Watopia","Run","","0.5","","2023-01-12","","3326.669921875","0","0","","","0.335277765989304","2.75600004196167","","0","","110","141","","","0.706068718112245","18.29","20","0","0","0","0","","","","","","","","","","","","","","","","",""
"Aerobic Bike","Bike","","1","","2023-01-12","","30554.330078125","164","308","598.532","","1.00877249240875","8.41300010681152","","77","","112","144","","","0.652204609192638","42.49","0","60","0","0","0","","","","","","57","2","1","0","1","","","","","","",""
"Lap Swimming","Swim","","0.75","2000","2023-01-13","","2000","","","","","0.652007225354512","0.847098686997035","","21","","114","134","","","0.866746926779347","42.46","28","0","0","0","0","","","","","","","","","","","","","","","","",""
"","Run","","0.5","","2023-01-14","","","","","","","","","","","","","","","","","","","","","","","","","","","","","","","","","","","","","","",""
"Aerobic Bike","Bike","","2.5","","2023-01-14","","69245.5078125","148","344","1474.634","","2.75467419624329","6.98199987411499","","75","","111","141","","","0.616567017705994","96.87","8","157","0","0","0","","","","","","158","4","1","1","1","","","","","","",""
"Aerobic Bike","Bike","","2","","2023-01-15","","57912.12109375","164","321","1189.728","","2.01035261154175","8.00100040435791","","80","","112","145","","","0.646916286393519","83.47","1","120","0","0","0","","","","","","114","4","1","1","1","","","","","","",""
"Lap Swimming","Swim","","0.75","2000","2023-01-16","","","","","","","","","","","","","","","","","","","","","","","","","","","","","","","","","","","","","","",""
"Aerobic Bike","Bike","","1","","2023-01-16","","","","","","","","","","","","","","","","","","","","","","","","","","","","","","","","","","","","","","",""
"Bike Aerobic Speed","Bike","","1.25","","2023-01-17","","31432.859375","150","301","677.704","","1.25330972671509","6.96600008010864","","71","","120","170","","","0.718787025985856","55.77","27","36","7","2","0","","","","","","57","5","4","1","8","","","","","","",""
"","Run","","0.5","","2023-01-17","","","","","","","","","","","","","","","","","","","","","","","","","","","","","","","","","","","","","","",""
"Lap Swimming","Swim","","0.75","2000","2023-01-18","","2000","","","","","0.661937225129869","0.833680700291788","","21","","114","135","","","0.853744490201586","41.19","29","0","0","0","0","","","","","","","","","","","","","","","","",""
"Running","Run","","0.5","","2023-01-19","","2555.59008789063","","","","","0.283686131238937","2.50200009346008","","163","","137","152","","","0.679929546665823","14.09","13","3","0","0","0","","","","","","","","","","","","","","","","",""
"Aerobic Bike","Bike","","1","","2023-01-19","","29609.529296875","153","255","554.131","","1.00500357151031","8.18299961090088","","79","","124","140","","","0.604601232284698","36.4","2","58","0","0","0","","","","","","60","1","0","0","0","","","","","","",""
"Lap Swimming","Swim","","0.75","2000","2023-01-20","","","","","","","","","","","","","","","","","","","","","","","","","","","","","","","","","","","","","","",""
"","Run","","0.5","","2023-01-21","","","","","","","","","","","","","","","","","","","","","","","","","","","","","","","","","","","","","","",""
"Aerobic Bike","Bike","","2.5","","2023-01-21","","34847.390625","146","279","707.14","","1.33834075927734","7.23199987411499","","81","","117","140","","","0.57938587348091","44.73","1","79","0","0","0","","","","","","79","1","0","0","0","","","","","","",""
"Aerobic Bike","Bike","","2","","2023-01-22","","40689.890625","155","292","844.624","","1.51274037361145","7.47100019454956","","79","","112","141","","","0.612414501950372","56.04","2","89","0","0","0","","","","","","88","1","0","0","0","","","","","","",""
"Lap Swimming","Swim","","0.75","2000","2023-01-23","","2000","","","","","0.656537779702081","0.8424599831508","","21","","113","133","","","0.860765787264202","41.87","25","0","0","0","0","","","","","","","","","","","","","","","","",""
"Aerobic Bike","Bike","","1","","2023-01-23","","29820.109375","154","299","558.492","","1.00472223758698","8.24400043487549","","78","","107","134","","","0.608076035409851","36.84","3","57","0","0","0","","","","","","59","1","0","0","0","","","","","","",""
"Running","Run","","","","2023-01-23","","3015.38989257813","276","335","307.796","","0.309457778930664","2.70700001716614","","170","","144","155","","","0.694875607197639","14.56","11","7","1","0","0","","","","","","15","0","0","0","0","","","","","","",""
"Bike Aerobic Speed","Bike","","1.25","","2023-01-24","","29799.990234375","154","266","562.31","","1.01338112354279","8.16800022125244","","79","","118","132","","","0.610636494273811","37.38","9","52","0","0","0","","","","","","60","1","0","0","0","","","","","","",""
"","Run","","0.5","","2023-01-24","","","","","","","","","","","","","","","","","","","","","","","","","","","","","","","","","","","","","","",""
"Lap Swimming","Swim","","0.75","2000","2023-01-25","","2000","","","","","0.661077780392435","0.835073068893528","","21","","120","141","","","0.854854414375383","41.3","35","0","0","0","0","","","","","","","","","","","","","","","","",""
"Zwift - 1 hour ride in Watopia","Bike","","","","2023-01-25","","28644.130859375","144","283","526.936","","1.01029527187347","7.875","","78","","124","136","","","0.575965760153994","33.02","2","58","0","0","0","","","","","","59","1","0","0","0","","","","","","",""
"","Run","","0.5","","2023-01-26","","","","","","","","","","","","","","","","","","","","","","","","","","","","","","","","","","","","","","",""
"Aerobic Bike","Bike","","1","","2023-01-26","","29513.900390625","152","290","555.993","","1.01360833644867","8.08800029754639","","78","","123","134","","","0.603320523682419","36.34","4","57","0","0","0","","","","","","59","1","0","0","0","","","","","","",""
"Lap Swimming","Swim","","0.75","2000","2023-01-27","","2000","","","","","0.666010281244914","0.829187396351575","","21","","115","132","","","0.848523325732471","40.69","31","0","0","0","0","","","","","","","","","","","","","","","","",""
"Running","Run","","0.5","","2023-01-28","","3011.35009765625","243","331","301.937","","0.344269722700119","2.4300000667572","","172","","140","150","","","0.623567517716914","13.05","19","1","0","0","0","","","","","","6","0","0","0","0","","","","","","",""
"Aerobic Bike","Bike","","2.5","","2023-01-28","","","","","","","","","","","","","","","","","","","","","","","","","","","","","","","","","","","","","","",""
"Aerobic Bike","Bike","","2","","2023-01-29","","","","","","","","","","","","","","","","","","","","","","","","","","","","","","","","","","","","","","",""
"Alpine Skiing","Other","","","","2023-01-29","","36249.6015625","","","","","1.66003811359406","6.06599998474121","","","","102","131","","","0.58701496220461","63.78","9","0","0","0","0","","","","","","","","","","","","","","","","",""
"Lap Swimming","Swim","","0.75","2000","2023-01-30","","","","","","","","","","","","","","","","","","","","","","","","","","","","","","","","","","","","","","",""
"Aerobic Bike","Bike","","1","","2023-01-30","","","","","","","","","","","","","","","","","","","","","","","","","","","","","","","","","","","","","","",""
"Alpine Skiing","Other","","","","2023-01-30","","39685.421875","","","","","1.67226552963257","6.59200000762939","","","","138","179","","","0.686031377491905","88.31","62","11","19","1","1","","","","","","","","","","","","","","","","",""
"Bike Aerobic Speed","Bike","","1.25","","2023-01-31","","","","","","","","","","","","","","","","","","","","","","","","","","","","","","","","","","","","","","",""
"","Run","","0.5","","2023-01-31","","","","","","","","","","","","","","","","","","","","","","","","","","","","","","","","","","","","","","",""
"Alpine Skiing","Other","","","","2023-01-31","","35114.5703125","","","","","1.2778183221817","7.63299989700317","","","","134","174","","","0.66228468420206","62.47","52","7","10","1","0","","","","","","","","","","","","","","","","",""
"Lap Swimming","Swim","","0.75","2000","2023-02-01","","","","","","","","","","","","","","","","","","","","","","","","","","","","","","","","","","","","","","",""
"Alpine Skiing","Other","","","","2023-02-01","","41988.921875","","","","","1.98671436309814","5.87099981307983","","","","132","167","","","0.636840910122769","90.8","94","10","6","0","0","","","","","","","","","","","","","","","","",""
"","Run","","0.5","","2023-02-02","","","","","","","","","","","","","","","","","","","","","","","","","","","","","","","","","","","","","","",""
"Aerobic Bike","Bike","","1","","2023-02-02","","","","","","","","","","","","","","","","","","","","","","","","","","","","","","","","","","","","","","",""
"Alpine Skiing","Other","","","","2023-02-02","","14790.580078125","","","","","1.09169685840607","3.76300001144409","","","","142","183","","","0.753701533321176","66.07","11","7","28","3","1","","","","","","","","","","","","","","","","",""
"Lap Swimming","Swim","","0.75","2000","2023-02-03","","","","","","","","","","","","","","","","","","","","","","","","","","","","","","","","","","","","","","",""
"Alpine Skiing","Other","","","","2023-02-03","","26593.6796875","","","","","1.04613590240479","7.06099987030029","","","","125","167","","","0.619720447620045","44.56","48","1","2","0","0","","","","","","","","","","","","","","","","",""
"Running","Run","","","","2023-02-03","","3262.98999023438","228","317","290.239","","0.352512776851654","2.57100009918213","","172","","149","171","","","0.588694197375745","11.91","7","8","6","0","0","","","","","","5","0","0","0","0","","","","","","",""
"","Run","","0.5","","2023-02-04","","","","","","","","","","","","","","","","","","","","","","","","","","","","","","","","","","","","","","",""
"Aerobic Bike","Bike","","2.5","","2023-02-04","","","","","","","","","","","","","","","","","","","","","","","","","","","","","","","","","","","","","","",""
"Aerobic Bike","Bike","","2","","2023-02-05","","","","","","","","","","","","","","","","","","","","","","","","","","","","","","","","","","","","","","",""
"Aerobic Bike","Bike","","1","","2023-02-06","","30625.19921875","165","335","597.257","","1.00333333015442","8.47799968719482","","78","","121","133","","","0.650220677592524","42.13","9","51","0","0","0","","","","","","57","2","1","0","0","","","","","","",""
"Zwift - 5K Loop in Watopia","Run","","0.5","","2023-02-06","","4152.8701171875","0","0","","","0.418611109256744","2.75500011444092","","0","","134","145","","","0.702502427110443","22.85","25","0","0","0","0","","","","","","","","","","","","","","","","",""
"Aerobic Bike","Bike","","1","","2023-02-07","","30641.099609375","166","283","601.367","","1.00305557250977","8.48499965667725","","78","","123","136","","","0.654493348263627","42.65","1","59","0","0","0","","","","","","57","2","1","0","0","","","","","","",""
"Lap Swimming","Swim","","0.75","2000","2023-02-07","","2600","","","","","0.866276112132602","0.82855321861058","","21","","121","143","","","0.848070062384085","52.84","46","0","0","0","0","","","","","","","","","","","","","","","","",""
"Running","Run","","0.5","","2023-02-08","","5501.85009765625","264","379","567.446","","0.597336947917938","2.55900001525879","","168","","142","155","","","0.669201653392797","26.43","24","10","1","0","0","","","","","","28","0","0","0","0","","","","","","",""
"","Run","","0.5","","2023-02-09","","","","","","","","","","","","","","","","","","","","","","","","","","","","","","","","","","","","","","",""
"Lap Swimming","Swim","","0.75","2000","2023-02-09","","2600","","","","","0.845771669281854","0.848010437051533","","21","","121","146","","","0.868630226266555","55.43","41","0","0","0","0","","","","","","","","","","","","","","","","",""
"Lap Swimming","Swim","","0.75","2000","2023-02-10","","","","","","","","","","","","","","","","","","","","","","","","","","","","","","","","","","","","","","",""
"Aerobic Threshold","Bike","","1.33333333333333","","2023-02-10","","39946.44921875","164","306","795.279","","1.34277856349945","8.26299953460693","","79","","119","139","","","0.648311861826515","55.99","1","79","0","0","0","","","","","","76","3","1","0","0","","","","","","",""
"","Run","","0.5","","2023-02-11","","","","","","","","","","","","","","","","","","","","","","","","","","","","","","","","","","","","","","",""
"Bike Aerobic Speed","Bike","","2.75","","2023-02-11","","77318.4296875","159","320","1700.237","","2.96386194229126","7.24599981307983","","75","","131","160","","","0.670597355379968","123.84","5","100","73","0","0","","","","","","142","29","3","2","2","","","","","","",""
"Aerobic Bike","Bike","","2.33333333333333","","2023-02-12","","65072.3203125","162","344","1373.527","","2.3498866558075","7.69199991226196","","78","","124","149","","","0.643452880693925","96.49","2","135","4","0","0","","","","","","128","7","3","1","2","","","","","","",""
"Lap Swimming","Swim","","","","2023-02-12","","2100","","","","","0.670278058052063","0.865265760197775","","20","","128","170","","","0.88527666186644","46.5","33","2","1","0","0","","","","","","","","","","","","","","","","",""
"Lap Swimming","Swim","","0.75","2000","2023-02-13","","2500","","","","","0.935159169832865","0.741179958493922","","21","","121","139","","","0.755386458589389","40.31","49","0","0","0","0","","","","","","","","","","","","","","","","",""
"Aerobic Bike","Bike","","1","","2023-02-13","","30510.720703125","165","273","598.846","","1.00464916229248","8.4350004196167","","77","","85","133","","","0.654288007707515","42.69","2","57","0","0","0","","","","","","58","2","0","0","0","","","","","","",""
"","Run","","0.5","","2023-02-13","","","","","","","","","","","","","","","","","","","","","","","","","","","","","","","","","","","","","","",""
"Lap Swimming","Swim","","0.75","2000","2023-02-15","","2600","","","","","0.929974724451701","0.77243018419489","","21","","132","158","","","0.78998150932681","45.85","45","5","1","0","0","","","","","","","","","","","","","","","","",""
"Aerobic Threshold","Bike","","1.33333333333333","","2023-02-15","","45147.671875","164","296","894.398","","1.50865197181702","8.3120002746582","","75","","116","135","","","0.650943296018098","63.24","3","87","0","0","0","","","","","","87","2","1","0","0","","","","","","",""
"","Run","","0.5","","2023-02-15","","","","","","","","","","","","","","","","","","","","","","","","","","","","","","","","","","","","","","",""
"Aerobic Bike","Bike","","1","","2023-02-16","","57751.4296875","163","302","1189.829","","2.01787447929382","7.94899988174438","","78","","119","142","","","0.648571318354114","83.73","1","120","0","0","0","","","","","","116","3","1","1","1","","","","","","",""
"","Run","","0.5","","2023-02-16","","","","","","","","","","","","","","","","","","","","","","","","","","","","","","","","","","","","","","",""
"Lap Swimming","Swim","","0.75","2000","2023-02-17","","","","","","","","","","","","","","","","","","","","","","","","","","","","","","","","","","","","","","",""
"Running","Run","","0.5","","2023-02-18","","5014.009765625","263","392","513.755","","0.543092489242554","2.56500005722046","","172","","146","157","","","0.659341629984646","23.28","14","15","3","0","0","","","","","","20","0","0","0","0","","","","","","",""
"Bike Aerobic Speed","Bike","","2.75","","2023-02-18","","","","","","","","","","","","","","","","","","","","","","","","","","","","","","","","","","","","","","",""
"Aerobic Bike","Bike","","2.33333333333333","","2023-02-19","","","","","","","","","","","","","","","","","","","","","","","","","","","","","","","","","","","","","","",""
"Lap Swimming","Swim","","","","2023-02-19","","1000","","","","","0.335612779193454","0.824402308326463","","23","","120","150","","","0.841930483356539","20.03","15","0","0","0","0","","","","","","","","","","","","","","","","",""
"Lap Swimming","Swim","","0.75","2000","2023-02-20","","","","","","","","","","","","","","","","","","","","","","","","","","","","","","","","","","","","","","",""
"Aerobic Bike","Bike","","1","","2023-02-20","","","","","","","","","","","","","","","","","","","","","","","","","","","","","","","","","","","","","","",""
"Running","Run","","0.5","","2023-02-20","","6941.3701171875","213","261","567.899","","0.740154683589935","2.60500001907349","","177","","152","170","","","0.535936731679472","20.99","7","17","20","0","0","","","","","","0","0","0","0","0","","","","","","",""
"Aerobic Threshold","Bike","","1.33333333333333","","2023-02-21","","41044.1015625","175","309","842.863","","1.33694446086884","8.52700042724609","","81","","119","152","","","0.721730201543267","69.21","0","78","2","0","0","","","","","","54","2","7","13","4","","","","","","",""
"Lap Swimming","Swim","","0.75","2000","2023-02-22","","3400","","","","","1.09224555916256","0.860541635029107","","21","","119","139","","","0.879575963412759","74.33","60","0","0","0","0","","","","","","","","","","","","","","","","",""
"","Run","","0.5","","2023-02-22","","","","","","","","","","","","","","","","","","","","","","","","","","","","","","","","","","","","","","",""
"Aerobic Bike","Bike","","1.5","","2023-02-23","","40041.69921875","165","304","797.298","","1.33833336830139","8.3100004196167","","80","","124","136","","","0.650572551472324","56.34","5","76","0","0","0","","","","","","77","2","1","0","0","","","","","","",""
"Zwift - 5K Loop in Watopia","Run","","0.5","","2023-02-23","","5005.77978515625","0","0","","","0.504166662693024","2.75799989700317","","0","","138","147","","","0.712761634250068","28.07","30","0","0","0","0","","","","","","","","","","","","","","","","",""
"Lap Swimming","Swim","","0.75","2000","2023-02-24","","3600","","","","","1.16399083879259","0.857959961868446","","21","","125","157","","","0.873911917485782","77.69","56","5","2","0","0","","","","","","","","","","","","","","","","",""
"Bike Aerobic Speed","Bike","","2.75","","2023-02-25","","81054.8125","166","333","1826.232","","3.0421040058136","7.40100002288818","","73","","132","156","","","0.70559348988607","139.72","9","148","26","0","0","","","","","","135","34","12","2","2","","","","","","",""
"Aerobic Bike","Bike","","2.33333333333333","","2023-02-26","","70742.078125","169","332","1547.463","","2.53469944000244","7.7519998550415","","74","","126","140","","","0.706731961100587","119.27","9","141","0","0","0","","","","","","106","42","2","1","2","","","","","","",""
"Running","Run","","0.5","","2023-02-26","","5024.240234375","280","360","511.933","","0.50650030374527","2.75500011444092","","175","","149","161","","","0.706718123135159","24.93","9","11","11","0","0","","","","","","29","0","0","0","0","","","","","","",""
"Lap Swimming","Swim","","0.75","2000","2023-02-27","","2000","","","","","0.678607779608832","0.813669650122051","","20","","117","139","","","0.832771559353042","39.19","32","0","0","0","0","","","","","","","","","","","","","","","","",""
"Aerobic Bike","Bike","","1","","2023-02-27","","31170.2890625","175","271","633.883","","1.00348329544067","8.62800025939941","","77","","126","139","","","0.691358604369982","47.49","1","59","0","0","0","","","","","","53","7","0","0","0","","","","","","",""
"Zwift - 5K Loop in Watopia","Run","","0.5","","2023-02-27","","3322.78002929688","0","0","","","0.335833340883255","2.74799990653992","","0","","133","142","","","0.704093567740169","18.22","20","0","0","0","0","","","","","","","","","","","","","","","","",""
"Aerobic Speed","Bike","","1.33333333333333","","2023-02-28","","42544.2890625","168","306","951.792","","1.56878256797791","7.53299999237061","","69","","125","158","","","0.776173340359553","81.9","10","63","18","0","0","","","","","","60","4","4","12","15","","","","","","",""
"Lap Swimming","Swim","","0.75","2000","2023-03-01","","2000","","","","","0.629173614184062","0.87719298245614","","21","","114","138","","","0.898202413568838","45.59","25","0","0","0","0","","","","","","","","","","","","","","","","",""
"Aerobic Bike","Bike","","1","","2023-03-02","","","","","","","","","","","","","","","","","","","","","","","","","","","","","","","","","","","","","","",""
"Running","Run","","0.666666666666667","","2023-03-02","","6909.3798828125","270","331","715.206","","0.734061419963837","2.61500000953674","","170","","144","155","","","0.686985912372619","34.29","26","17","1","0","0","","","","","","39","0","0","0","0","","","","","","",""
"Lap Swimming","Swim","","0.75","2000","2023-03-03","","2975","","","","","0.924567503399319","0.888590203106332","","22","","129","153","","","0.909207623451038","69.49","50","2","0","0","0","","","","","","","","","","","","","","","","",""
"Bike Aerobic Speed","Bike","","3","","2023-03-04","","40153.69921875","171","361","978.418","","1.58607506752014","7.03200006484985","","60","","139","192","","","0.908873815982017","105.82","13","43","17","18","6","","","","","","57","7","4","2","27","","","","","","",""
"Lactate Test","Bike","","1.96666666666667","","2023-03-04","","14004.26953125","134","221","263.134","","0.54537969827652","7.13199996948242","","74","","139","152","","","0.56387769396475","16.02","0","28","5","0","0","","","","","","33","1","0","0","0","","","","","","",""
"Aerobic Bike","Bike","","2.5","","2023-03-05","","72814.7109375","169","322","1595.214","","2.61348176002502","7.73899984359741","","77","","132","148","","","0.689698952119884","118.82","5","151","1","0","0","","","","","","137","15","2","1","2","","","","","","",""
"Running","Run","","0.5","","2023-03-05","","5101.8798828125","271","438","538.065","","0.550306677818298","2.57500004768372","","165","","150","164","","","0.709622881042237","27.32","6","13","14","0","0","","","","","","27","2","0","0","0","","","","","","",""
"Lap Swimming","Swim","","0.75","2000","2023-03-06","","2575","","","","","0.82960305902693","0.857190412782956","","21","","122","159","","","0.877044464585738","55.97","37","3","2","0","0","","","","","","","","","","","","","","","","",""
"Aerobic Bike","Bike","","1","","2023-03-06","","31302.900390625","177","292","640.262","","1.00388884544373","8.66100025177002","","79","","129","140","","","0.69780710499133","48.51","1","59","0","0","0","","","","","","52","7","0","0","0","","","","","","",""
"Zwift - 5K Loop in Watopia","Run","","0.5","","2023-03-06","","3343","0","0","","","0.337500005960464","2.75099992752075","","0","","134","145","","","0.723644620428436","19.26","20","0","0","0","0","","","","","","","","","","","","","","","","",""
"Aerobic Speed","Bike","","1.33333333333333","","2023-03-07","","42075.1015625","175","301","922.113","","1.45653581619263","8.02400016784668","","76","","129","153","","","0.773556627408688","79.38","8","61","18","0","0","","","","","","52","5","7","19","5","","","","","","",""
"Lap Swimming","Swim","","0.75","2000","2023-03-08","","2600","","","","","0.793573614226447","0.904347826086957","","22","","115","143","","","0.925765200969121","62.96","34","0","0","0","0","","","","","","","","","","","","","","","","",""
"Lap Swimming","Swim","","","","2023-03-08","","0","","","","","0","","","0","","","","","","","","","","","","","","","","","","","","","","","","","","","","",""
"Aerobic Bike","Bike","","0.666666666666667","","2023-03-09","","21687.369140625","182","291","479.595","","0.730480253696442","8.24600028991699","","73","","133","154","","","0.773370107363512","40.15","3","30","11","0","0","","","","","","14","23","7","0","0","","","","","","",""
"Running","Run","","0.666666666666667","","2023-03-09","","6858.7099609375","270","354","702.317","","0.722654402256012","2.63599991798401","","170","","147","158","","","0.694134930859651","34.48","20","20","4","0","0","","","","","","38","1","0","0","0","","","","","","",""
"Lap Swimming","Swim","","0.75","2000","2023-03-10","","2500","","","","","0.796631946033902","0.868960722975322","","21","","119","137","","","0.88674145825352","55.55","40","0","0","0","0","","","","","","","","","","","","","","","","",""
"Running","Run","","0.5","","2023-03-11","","5018.77001953125","275","372","520.392","","0.525081098079681","2.65499997138977","","174","","152","163","","","0.694499616579227","24.97","6","11","15","0","0","","","","","","28","0","0","0","0","","","","","","",""
"Bike Aerobic Speed","Bike","","2.5","","2023-03-11","","81766.2578125","174","328","1628.971","","2.58761024475098","8.77700042724609","","78","","138","160","","","0.714424586564938","127.53","2","102","50","0","0","","","","","","102","41","9","1","2","","","","","","",""
"Aerobic Bike","Bike","","2.33333333333333","","2023-03-12","","30586.4609375","165","260","598.963","","1.0063089132309","8.44200038909912","","78","","124","134","","","0.652044689279516","42.36","2","59","0","0","0","","","","","","58","1","0","0","0","","","","","","",""
"Lap Swimming","Swim","","0.75","2000","2023-03-13","","2700","","","","","0.867125002543132","0.862619808306709","","21","","144","163","","","0.8798259733733","59.06","15","7","28","0","0","","","","","","","","","","","","","","","","",""
"Aerobic Bike","Bike","","1","","2023-03-13","","30641.380859375","168","291","612.127","","1.00660610198975","8.45499992370605","","77","","126","140","","","0.672885003351745","45.31","2","58","0","0","0","","","","","","54","5","1","0","0","","","","","","",""
"Zwift - 5K Loop in Watopia","Run","","0.5","","2023-03-13","","3347.38989257813","0","0","","","0.338055551052094","2.75","","0","","133","142","","","0.728052521705448","19.61","20","0","0","0","0","","","","","","","","","","","","","","","","",""
"Aerobic Speed","Bike","","1.33333333333333","","2023-03-14","","40169.078125","173","276","925.507","","1.47927749156952","7.54199981689453","","71","","133","159","","","0.772991617780338","79.77","5","57","27","0","0","","","","","","52","6","7","19","4","","","","","","",""
"Lap Swimming","Swim","","0.75","2000","2023-03-15","","2800","","","","","0.966587781906128","0.8","","22","","124","150","","","0.818524066980572","53.01","54","0","0","0","0","","","","","","","","","","","","","","","","",""
"Aerobic Bike","Bike","","0.666666666666667","","2023-03-16","","21510.330078125","173","285","417.857","","0.670899212360382","8.9060001373291","","78","","125","140","","","0.682867321676136","30.88","1","39","0","0","0","","","","","","36","3","0","0","0","","","","","","",""
"Running","Run","","0.666666666666667","","2023-03-16","","6603.990234375","271","365","683.881","","0.700791418552399","2.61800003051758","","170","","141","157","","","0.691468762031753","33.17","32","9","1","0","0","","","","","","37","0","0","0","0","","","","","","",""
"Lap Swimming","Swim","","0.75","2000","2023-03-17","","3200","","","","","1.06808805889554","0.827943078913325","","23","","131","159","","","0.846559800544273","64.8","50","6","3","0","0","","","","","","","","","","","","","","","","",""
"Running","Run","","0.5","","2023-03-18","","5009.22021484375","270","394","508.347","","0.521910548210144","2.66599988937378","","176","","148","157","","","0.680089218137131","23.78","6","23","2","0","0","","","","","","24","0","0","0","0","","","","","","",""
"Bike Aerobic Speed","Bike","","3","","2023-03-18","","89118.5234375","175","357","1981.924","","3.13032031059265","7.90799999237061","","78","","138","158","","","0.722256156553976","156.35","2","133","51","0","0","","","","","","122","45","17","2","3","","","","","","",""
"Aerobic Bike","Bike","","2.5","","2023-03-19","","72617.65625","171","352","1588.528","","2.56791186332703","7.85500001907349","","79","","131","148","","","0.685544720371461","117.46","5","147","1","0","0","","","","","","137","11","2","1","2","","","","","","",""
"Lap Swimming","Swim","","1","2800","2023-03-20","","2500","","","","","0.869048891067505","0.794407372100413","","22","","125","159","","","0.812850209899836","46.67","47","1","1","0","0","","","","","","","","","","","","","","","","",""
"Running","Run","","0.833333333333333","","2023-03-20","","8032.4501953125","267","442","833.853","","0.867598056793213","2.57200002670288","","168","","142","154","","","0.685605016070121","40.38","33","17","1","0","0","","","","","","43","1","0","0","0","","","","","","",""
"Aerobic Speed","Bike","","1.33333333333333","","2023-03-21","","43330.19140625","180","291","958.742","","1.47551584243774","8.1569995880127","","72","","130","156","","","0.792613076778852","84.43","5","62","22","0","0","","","","","","53","5","2","10","18","","","","","","",""
"Lap Swimming","Swim","","1","2800","2023-03-22","","3000","","","","","1.00985917157597","0.821692686935086","","23","","121","145","","","0.839411981472665","59.73","52","0","0","0","0","","","","","","","","","","","","","","","","",""
"Aerobic Bike","Bike","","1","","2023-03-23","","21552.26953125","174","272","420.173","","0.670000016689301","8.9350004196167","","79","","122","133","","","0.686567538034868","31.19","6","35","0","0","0","","","","","","35","4","0","0","0","","","","","","",""
"Running","Run","","0.416666666666667","","2023-03-23","","3751.8701171875","281","411","372.145","","0.36741054058075","2.83699989318848","","175","","142","153","","","0.709817538946409","18.13","15","6","0","0","0","","","","","","19","1","0","0","0","","","","","","",""
"Lap Swimming","Swim","","1","2800","2023-03-24","","3600","","","","","1.24049750539992","0.805188995750391","","23","","134","169","","","0.820014116463038","68.4","53","7","11","0","0","","","","","","","","","","","","","","","","",""
"Running","Run","","0.583333333333333","","2023-03-25","","5813.990234375","","","","","0.61958783864975","2.60700011253357","","171","","146","158","","","0.691364688915592","32.44","17","15","5","0","0","","","","","","","","","","","","","","","","",""
"Bike Aerobic Speed","Bike","","3","","2023-03-25","","88662.6796875","174","322","1968.109","","3.13711977005005","7.84999990463257","","76","","133","154","","","0.717582326003025","154.29","7","156","24","0","0","","","","","","128","40","14","3","3","","","","","","",""
"Aerobic Bike","Bike","","2.5","","2023-03-26","","72762.8515625","174","353","1575.839","","2.51244521141052","8.04399967193604","","80","","134","147","","","0.686395841212632","117.82","0","149","0","0","0","","","","","","130","13","3","2","3","","","","","","",""
"Lap Swimming","Swim","","1","2800","2023-03-27","","1775","","","","","0.641603333685133","0.764098148945329","","21","","112","128","","","0.781711442047335","30.65","24","0","0","0","0","","","","","","","","","","","","","","","","",""
"Aerobic Speed","Bike","","1","","2023-03-28","","33155.94921875","187","308","677.004","","1.00545918941498","9.15900039672852","","79","","133","157","","","0.76782826341267","58.85","1","45","14","0","0","","","","","","40","5","1","4","11","","","","","","",""
"Running","Run","","0.416666666666667","","2023-03-28","","4201.72998046875","275","318","419.629","","0.423112213611603","2.75799989700317","","176","","144","151","","","0.692493227114216","19.91","16","9","0","0","0","","","","","","23","0","0","0","0","","","","","","",""
"Lap Swimming","Swim","","1","2800","2023-03-29","","2000","","","","","0.658611667950948","0.839630562552477","","23","","127","163","","","0.858055340216114","41.61","29","3","2","0","0","","","","","","","","","","","","","","","","",""
"Aerobic Bike","Bike","","1","","2023-03-30","","32502.419921875","174","289","631.479","","1.00527775287628","8.98099994659424","","78","","126","142","","","0.688657791668613","47.4","2","58","0","0","0","","","","","","53","6","1","0","0","","","","","","",""
"Running","Run","","0.583333333333333","","2023-03-30","","5854.39013671875","279","355","588.974","","0.587160289287567","2.76999998092651","","177","","145","153","","","0.69994356508212","28.36","20","16","0","0","0","","","","","","33","0","0","0","0","","","","","","",""
"Lap Swimming","Swim","","1","2800","2023-03-31","","3600","","","","","1.23551528294881","0.805729632945389","","22","","134","173","","","0.823320828081784","68.95","48","2","17","2","0","","","","","","","","","","","","","","","","",""
"Running","Run","","0.833333333333333","","2023-04-01","","8354.900390625","","","","","0.867379665374756","2.67600011825562","","172","","150","160","","","0.727486761573148","50.66","13","16","23","0","0","","","","","","","","","","","","","","","","",""
"Bike Aerobic Speed","Bike","","3","","2023-04-02","","89491.921875","178","326","1966.815","","3.05796241760254","8.12899971008301","","78","","140","157","","","0.714835043144455","153.14","4","127","53","0","0","","","","","","126","49","3","2","3","","","","","","",""
"Lap Swimming","Swim","","1","2800","2023-04-03","","2500","","","","","0.854940835634867","0.809323405632891","","22","","123","154","","","0.826263694601596","48.23","44","2","0","0","0","","","","","","","","","","","","","","","","",""
"Running","Run","","0.833333333333333","","2023-04-03","","9014.490234375","216","348","900.207","","1.1569836139679","2.16400003433228","","140","","133","160","","","0.65369767449414","49","34","15","7","0","0","","","","","","37","2","0","0","0","","","","","","",""
"IRONMAN 70.3 Power Slope","Bike","Warm Up: 5 mins in Z1-2, 5 x (15 secs in Z3, 15 secs Z1-2, 15 secs in Z4, 15 secs in Z1-2) 5 mins in Z2. Main Set: 1 x (12 mins in Z3 + 8 mins in Z4), 4 mins recovery in Z1-2, 1 x (8 mins in Z3 + 5 mins in Z4), 3 mins recovery in Z1-2, 1 x (5 mins in Z3 + 3 mins in Z4), 2 mins recovery in Z1-2. Warm down. 5 mins in Z1-2.","1.33333333333333","","2023-04-04","","44734.5390625","189","293","939.627","","1.37403357028961","9.04300022125244","","77","","132","149","","","0.77857124456941","81.38","2","71","9","0","0","","","","","","35","21","12","10","4","","","","","","",""
"Lap Swimming","Swim","","1","2800","2023-04-05","","2700","","","","","0.900191113154093","0.827205882352941","","22","","124","146","","","0.847507921652011","54.8","50","0","0","0","0","","","","","","","","","","","","","","","","",""
"Aerobic Bike","Bike","","1","","2023-04-06","","32470.7890625","174","266","630.873","","1.00707674026489","8.95600032806396","","79","","125","138","","","0.687798577137485","47.19","2","58","0","0","0","","","","","","54","6","0","0","0","","","","","","",""
"Running","Run","","0.416666666666667","","2023-04-06","","5086.97021484375","297","377","517.856","","0.484476387500763","2.91700005531311","","175","","148","158","","","0.745607114390788","26.48","8","15","6","0","0","","","","","","26","2","0","0","0","","","","","","",""
"Lap Swimming","Swim","","1","2800","2023-04-07","","3300","","","","","1.11635472509596","0.816831683168317","","22","","124","150","","","0.835269163180071","65.06","60","0","0","0","0","","","","","","","","","","","","","","","","",""
"Aerobic Bike","Bike","","1.5","","2023-04-07","","48738.62890625","173","300","941.93","","1.50499999523163","8.99499988555908","","79","","128","143","","","0.686274346973604","70.5","1","89","0","0","0","","","","","","79","8","1","1","1","","","","","","",""
"Bike Aerobic Speed","Bike","","3","","2023-04-08","","88812.4921875","178","349","1932.741","","3.00415778160095","8.21100044250488","","78","","141","153","","","0.706651235962616","149.44","1","138","41","0","0","","","","","","123","42","5","3","6","","","","","","",""
"Aerobic Bike","Bike","","0.5","","2023-04-09","","16280.330078125","175","315","319.94","","0.506111085414886","8.9350004196167","","77","","130","137","","","0.694978285614155","24.03","1","30","0","0","0","","","","","","26","4","0","0","1","","","","","","",""
"Running","Run","","0.583333333333333","","2023-04-09","","5253.5400390625","280","330","541.035","","0.536752820014954","2.71900010108948","","176","","148","156","","","0.703924456324281","26.23","12","17","3","0","0","","","","","","31","0","0","0","0","","","","","","",""
"Lap Swimming","Swim","","1","2800","2023-04-10","","2700","","","","","0.879317502445645","0.846925972396487","","23","","155","192","","","0.867626423080321","57.43","18","5","11","4","14","","","","","","","","","","","","","","","","",""
"Running","Run","","1","","2023-04-10","","9804.5498046875","274","326","990.077","","1.00476729869843","2.71099996566772","","178","","145","155","","","0.685840800016166","46.81","32","27","1","0","0","","","","","","55","0","0","0","0","","","","","","",""
"IRONMAN 70.3 Power Slope","Bike","Warm Up: 5 mins in Z1-2, 5 x (15 secs in Z3, 15 secs Z1-2, 15 secs in Z4, 15 secs in Z1-2) 5 mins in Z2. Main Set: 1 x (12 mins in Z3 + 8 mins in Z4), 4 mins recovery in Z1-2, 1 x (8 mins in Z3 + 5 mins in Z4), 3 mins recovery in Z1-2, 1 x (5 mins in Z3 + 3 mins in Z4), 2 mins recovery in Z1-2. Warm down. 5 mins in Z1-2.","1.33333333333333","","2023-04-11","","45115.671875","184","319","952.41","","1.43054282665253","8.76000022888184","","74","","138","158","","","0.778954086396189","82.47","2","54","29","0","0","","","","","","38","20","13","10","4","","","","","","",""
"Lap Swimming","Swim","","1","2800","2023-04-12","","2200","","","","","0.734087226125929","0.830502076255191","","23","","155","177","","","0.846817329836917","44.58","8","7","26","2","0","","","","","","","","","","","","","","","","",""
"Aerobic Bike","Bike","","1","","2023-04-13","","32494.390625","174","265","632.904","","1.00517857074738","8.97900009155273","","77","","131","142","","","0.690176172580961","47.49","0","60","0","0","0","","","","","","53","6","0","0","0","","","","","","",""
"Running","Run","","0.5","","2023-04-13","","5416.6201171875","306","366","554.944","","0.503154158592224","2.99000000953674","","180","","159","170","","","0.768783769882675","29.32","1","4","25","0","0","","","","","","25","5","0","0","0","","","","","","",""
"Lap Swimming","Swim","","1","2800","2023-04-14","","3000","","","","","0.992034169832865","0.837053571428571","","23","","131","152","","","0.854494647461332","61.89","50","5","0","0","0","","","","","","","","","","","","","","","","",""
"Aerobic Bike","Bike","","1.5","","2023-04-15","","48687.109375","173","338","940.881","","1.50333333015442","8.99600028991699","","79","","133","144","","","0.684497767336205","70.24","0","90","0","0","0","","","","","","78","8","1","1","2","","","","","","",""
"Running","Run","","0.5","","2023-04-15","","5438.39990234375","280","350","554.61","","0.550440013408661","2.74399995803833","","180","","149","162","","","0.701464936771639","26.73","11","10","12","0","0","","","","","","32","0","0","0","0","","","","","","",""
"Bike Aerobic Speed","Bike","","3.5","","2023-04-16","","104615.8828125","181","363","2318.97","","3.5432231426239","8.20100021362305","","79","","138","149","","","0.722540704662438","182.95","2","200","10","0","0","","","","","","125","74","6","3","6","","","","","","",""
"Lap Swimming","Swim","","1","2800","2023-04-17","","2400","","","","","0.752094447877672","0.883002207505519","","22","","120","142","","","0.901682378443837","55.14","40","0","0","0","0","","","","","","","","","","","","","","","","",""
"Running","Run","","1","","2023-04-17","","10026.599609375","","","","","1.02675533294678","2.71300005912781","","176","","143","151","","","0.714282987964186","58.08","48","14","0","0","0","","","","","","","","","","","","","","","","",""
"IRONMAN 70.3 Power Slope","Bike","Warm Up: 5 mins in Z1-2, 5 x (15 secs in Z3, 15 secs Z1-2, 15 secs in Z4, 15 secs in Z1-2) 5 mins in Z2. Main Set: 1 x (12 mins in Z3 + 8 mins in Z4), 4 mins recovery in Z1-2, 1 x (8 mins in Z3 + 5 mins in Z4), 3 mins recovery in Z1-2, 1 x (5 mins in Z3 + 3 mins in Z4), 2 mins recovery in Z1-2. Warm down. 5 mins in Z1-2.","1.33333333333333","","2023-04-18","","41037.91015625","194","310","934.844","","1.33725142478943","8.52400016784668","","79","","135","152","","","0.780333030099776","80.94","1","68","11","0","0","","","","","","33","20","13","10","4","","","","","","",""
"Lap Swimming","Swim","","1","2800","2023-04-19","","3400","","","","","1.0191741683748","0.923160467010589","","22","","125","155","","","0.942638628209831","85.37","50","4","0","0","0","","","","","","","","","","","","","","","","",""
"Aerobic Bike","Bike","","1","","2023-04-20","","32430.740234375","174","329","629.722","","1.00417864322662","8.9709997177124","","77","","127","140","","","0.687660558469912","47.01","1","59","0","0","0","","","","","","53","6","1","0","0","","","","","","",""
"Running","Run","","0.5","","2023-04-20","","5576.97021484375","300","365","576.808","","0.5343297123909","2.8989999294281","","178","","152","164","","","0.760775326155416","30.42","5","5","22","0","0","","","","","","24","7","0","0","0","","","","","","",""
"Lap Swimming","Swim","","1","2800","2023-04-21","","2400","","","","","0.716765281359355","0.926640926640927","","23","","124","146","","","0.946126058576139","60.7","38","0","0","0","0","","","","","","","","","","","","","","","","",""
"Running","Run","","0.583333333333333","","2023-04-22","","5803.7001953125","272","499","593.886","","0.605194449424744","2.66400003433228","","175","","149","156","","","0.689379783631775","28.39","11","18","7","0","0","","","","","","33","0","0","0","0","","","","","","",""
"Aerobic Bike","Bike","","3.5","","2023-04-22","","102914.59375","173","376","2211.224","","3.53688812255859","8.08199977874756","","78","","138","158","","","0.687799501508736","165.01","1","177","35","0","0","","","","","","177","19","5","3","8","","","","","","",""
"Aerobic Bike","Bike","","2.5","","2023-04-23","","82915.7421875","175","376","1586.557","","2.50527787208557","9.19299983978271","","80","","129","139","","","0.691892502528648","119.25","1","149","0","0","0","","","","","","122","18","3","2","5","","","","","","",""
"Lap Swimming","Swim","","1","2800","2023-04-24","","2300","","","","","0.675939168830713","0.939158840342997","","21","","122","144","","","0.961468246854637","60.08","34","0","0","0","0","","","","","","","","","","","","","","","","",""
"Running","Run","","1.16666666666667","","2023-04-24","","11454.26953125","274","384","1171.719","","1.18780851364136","2.67899990081787","","173","","144","154","","","0.703902888752939","58.56","39","32","0","0","0","","","","","","66","1","0","0","0","","","","","","",""
"Aerobic Bike","Bike","","1.33333333333333","","2023-04-25","","43802.7890625","173","445","838.184","","1.34160280227661","9.06900024414063","","78","","127","135","","","0.685578585813871","62.35","2","79","0","0","0","","","","","","70","8","1","0","1","","","","","","",""
"Lap Swimming","Swim","","1","2800","2023-04-26","","2600","","","","","0.797329170438978","0.902151283830673","","22","","121","149","","","0.921404689174562","62.37","40","0","0","0","0","","","","","","","","","","","","","","","","",""
"Aerobic Bike","Bike","","1","","2023-04-27","","21453.880859375","173","309","419.203","","0.671648621559143","8.87199974060059","","76","","128","137","","","0.687507434378718","31.3","1","39","0","0","0","","","","","","35","4","0","0","0","","","","","","",""
"Running","Run","","0.583333333333333","","2023-04-27","","5659.240234375","284","357","580.125","","0.567138850688934","2.7720000743866","","179","","146","154","","","0.714243110688645","28.54","18","16","1","0","0","","","","","","33","0","0","0","0","","","","","","",""
"Lap Swimming","Swim","","1","2800","2023-04-28","","3300","","","","","0.957993615998162","0.951008645533141","","23","","124","150","","","0.973343309883613","88.34","50","0","0","0","0","","","","","","","","","","","","","","","","",""
"Running","Run","","0.583333333333333","","2023-04-29","","5694.27001953125","","","","","0.592006981372833","2.67199993133545","","177","","146","158","","","0.714485753310652","33.06","17","14","5","0","0","","","","","","","","","","","","","","","","",""
"Aerobic Bike","Bike","","1.5","","2023-04-29","","48009.6796875","162","336","925.567","","1.58547556400299","8.41100025177002","","76","","133","148","","","0.670700297863528","67.46","5","88","2","0","0","","","","","","85","7","1","1","1","","","","","","",""
"Aerobic Bike","Bike","","2.5","","2023-04-30","","81857.3671875","165","337","1559.043","","2.61975908279419","8.67899990081787","","76","","133","155","","","0.674428792936641","114.06","5","146","6","0","0","","","","","","141","11","2","1","2","","","","","","",""
"Lap Swimming","Swim","","1","2800","2023-05-01","","2200","","","","","0.670403057204352","0.905722519555373","","21","","120","143","","","0.927259770096574","53.45","35","0","0","0","0","","","","","","","","","","","","","","","","",""
"Running","Run","","1.16666666666667","","2023-05-01","","11605.849609375","","","","","1.18367445468903","2.72399997711182","","175","","148","164","","","0.732949386210366","70.75","22","36","12","0","0","","","","","","","","","","","","","","","","",""
"Aerobic Bike","Bike","","1.33333333333333","","2023-05-02","","44449.62890625","180","380","868.957","","1.33888030052185","9.2209997177124","","79","","133","147","","","0.738182169033009","72.43","1","78","1","0","0","","","","","","64","5","1","1","10","","","","","","",""
"Lap Swimming","Swim","","1","2800","2023-05-03","","3100","","","","","0.939409725930956","0.911764705882353","","22","","118","136","","","0.932441007350191","76.16","47","0","0","0","0","","","","","","","","","","","","","","","","",""
"Aerobic Bike","Bike","","1","","2023-05-04","","32856.1015625","172","288","623.307","","1.00333333015442","9.0959997177124","","79","","134","144","","","0.679795254760127","45.9","1","60","0","0","0","","","","","","54","5","1","0","0","","","","","","",""
"Running","Run","","0.583333333333333","","2023-05-04","","6006.97021484375","284","384","615.974","","0.603219747543335","2.76600003242493","","173","","149","159","","","0.725391477698682","31.29","8","16","12","0","0","","","","","","32","1","0","0","0","","","","","","",""
"Lap Swimming","Swim","","1","2800","2023-05-05","","2500","","","","","0.786561947928535","0.878117316473481","","21","","117","136","","","0.898094009477336","56.98","39","0","0","0","0","","","","","","","","","","","","","","","","",""
"Race Practice Ride","Bike","Warm Up: 30 mins in Z2. Main Set: 8 x (10 mins in Z3 + 5 mins in Z2). Warm Down: 30 mins in Z1-2.","3","","2023-05-06","This ride is designed to simulate race day, including efforts at race pace with short recoveries. You will benefit both psychologically and physiologically from this ride.","86059.3125","172","351","1983.697","","3.19386386871338","7.48400020599365","","69","","145","167","","","0.756725119093471","163.37","4","62","111","15","0","","","","","","109","23","39","15","5","","","","","","",""
"Running","Run","","0.583333333333333","","2023-05-06","","5808.06982421875","281","348","591.788","","0.583947479724884","2.76300001144409","","178","","154","169","","","0.706517095384481","28.8","2","8","25","0","0","","","","","","33","0","0","0","0","","","","","","",""
"Aerobic Bike","Bike","","2.5","","2023-05-07","","83390.453125","178","372","1612.291","","2.51012825965881","9.22799968719482","","79","","134","148","","","0.702290671004278","123.34","1","149","1","0","0","","","","","","116","30","2","1","2","","","","","","",""
"Lap Swimming","Swim","","1","2800","2023-05-08","","2400","","","","","0.74400861369239","0.891861761426979","","21","","120","154","","","0.911481800205508","56.34","39","0","0","0","0","","","","","","","","","","","","","","","","",""
"Running","Run","","1.33333333333333","","2023-05-08","","13607.3603515625","283","355","1385.367","","1.36097252368927","2.77699995040894","","175","","149","158","","","0.718533294862358","69.77","17","45","20","0","0","","","","","","77","1","0","0","0","","","","","","",""
"Aerobic Bike","Bike","","1.33333333333333","","2023-05-09","","43919.26953125","173","338","841.715","","1.3494656085968","9.03999996185303","","77","","128","140","","","0.683102744181693","62.05","1","79","0","0","0","","","","","","74","6","1","0","0","","","","","","",""
"Lap Swimming","Swim","","1","2800","2023-05-10","","3400","","","","","1.05425639364454","0.894736842105263","","22","","134","180","","","0.911270679291356","79.78","46","1","10","2","1","","","","","","","","","","","","","","","","",""
"Aerobic Bike","Bike","","1","","2023-05-11","","32936.5","173","264","627.087","","1.00477087497711","9.10499954223633","","76","","131","144","","","0.683643998342993","46.49","0","60","0","0","0","","","","","","55","4","0","0","0","","","","","","",""
"Running","Run","","0.583333333333333","","2023-05-11","","5502.60009765625","288","346","563.344","","0.542250275611877","2.81900000572205","","176","","149","165","","","0.724155056032612","28.06","11","10","12","0","0","","","","","","31","1","0","0","0","","","","","","",""
"Lap Swimming","Swim","","1","2800","2023-05-12","","2200","","","","","0.675047225422329","0.901269971323228","","22","","118","139","","","0.920880438115175","52.72","33","0","0","0","0","","","","","","","","","","","","","","","","",""
"Race Practice Ride","Bike","Warm Up: 30 mins in Z2. Main Set: 8 x (10 mins in Z3 + 5 mins in Z2). Warm Down: 30 mins in Z1-2.","3","","2023-05-13","This ride is designed to simulate race day, including efforts at race pace with short recoveries. You will benefit both psychologically and physiologically from this ride.","93741.7890625","175","329","2174.467","","3.43706846237183","7.57600021362305","","70","","142","167","","","0.782746346783188","185.64","8","75","120","3","0","","","","","","112","17","34","32","11","","","","","","",""
"Running","Run","","0.583333333333333","","2023-05-13","","5814.10009765625","281","390","591.281","","0.584311366081238","2.76399993896484","","176","","152","159","","","0.708024954406116","28.89","2","15","18","0","0","","","","","","32","1","0","0","0","","","","","","",""
"Aerobic Bike","Bike","","2.5","","2023-05-14","","82375.046875","168","362","1589.927","","2.62658858299255","8.71100044250488","","76","","129","145","","","0.689024346727169","118.78","8","149","0","0","0","","","","","","134","19","2","1","2","","","","","","",""
